<?xml version="1.0" encoding="UTF-8"?>
<faces-config
    xmlns="http://xmlns.jcp.org/xml/ns/javaee"
    xmlns:xsi="http://www.w3.org/2001/XMLSchema-instance"
    xsi:schemaLocation="http://xmlns.jcp.org/xml/ns/javaee http://xmlns.jcp.org/xml/ns/javaee/web-facesconfig_2_2.xsd"
    version="2.2">

<application>
		<resource-bundle>
			<base-name>messages</base-name>
			<var>msgs</var>
		</resource-bundle>
	</application>

<managed-bean>
		<managed-bean-name>usuarios</managed-bean-name>
		<managed-bean-class>uo.sdi.presentation.UsersBean</managed-bean-class>
		<managed-bean-scope>session</managed-bean-scope>
	</managed-bean>
	<managed-bean>
		<managed-bean-name>tareas</managed-bean-name>
		<managed-bean-class>uo.sdi.presentation.TasksBean</managed-bean-class>
		<managed-bean-scope>session</managed-bean-scope>
	</managed-bean>
<managed-bean>
		<managed-bean-name>settings</managed-bean-name>
		<managed-bean-class>uo.sdi.presentation.BeanSettings</managed-bean-class>
		<managed-bean-scope>session</managed-bean-scope>
	</managed-bean>

	<navigation-rule>
		<from-view-id>*</from-view-id>
		<navigation-case>
			<from-outcome>error</from-outcome>
			<to-view-id>/error.xhtml</to-view-id>
			<redirect/>
		</navigation-case>
	</navigation-rule>
	<navigation-rule>
		<from-view-id>*</from-view-id>
		<navigation-case>
			<from-outcome>usuario</from-outcome>
			<to-view-id>/restricted/user/usuario.xhtml</to-view-id>
			<redirect/>
		</navigation-case>
	</navigation-rule>
	<navigation-rule>
		<from-view-id>/index.xhtml</from-view-id>
		<navigation-case>
			<from-action>#{usuarios.iniciarSesion}</from-action>
			<from-outcome>usuario</from-outcome>
			<to-view-id>/restricted/user/usuario.xhtml</to-view-id>
			<redirect/>
		</navigation-case>
		<navigation-case>
			<from-action>#{usuarios.registrarse}</from-action>
			<from-outcome>exito</from-outcome>
			<to-view-id>/registro.xhtml</to-view-id>
		<redirect/>
		</navigation-case>
		<navigation-case>
			<from-action>#{usuarios.iniciarSesion}</from-action>
			<from-outcome>administrador</from-outcome>
			<to-view-id>/restricted/admin/administrador.xhtml</to-view-id>
			<redirect/>
		</navigation-case>
	</navigation-rule>
	<navigation-rule>
		<from-view-id>/restricted/admin/administrador.xhtml</from-view-id>
		<navigation-case>
			<from-action>#{usuarios.inicializarBBDD}</from-action>
			<from-outcome>exito</from-outcome>
			<to-view-id>/restricted/admin/administrador.xhtml</to-view-id>
			<redirect/>
		</navigation-case>
	</navigation-rule>		
	<navigation-rule>
		<from-view-id>*</from-view-id>
		<navigation-case>
			<from-action>#{tareas.editar(tarea)}</from-action>
			<from-outcome>editarTarea</from-outcome>
			<to-view-id>/restricted/user/editarTarea.xhtml</to-view-id>
			<redirect/>
		</navigation-case>
		<navigation-case>
			<from-action>#{usuarios.cerrarSesion}</from-action>
			<from-outcome>exito</from-outcome>
			<to-view-id>/index.xhtml</to-view-id>
			<redirect/>
		</navigation-case>
	</navigation-rule>
	<navigation-rule>
		<from-view-id>/restricted/user/editarTarea.xhtml</from-view-id>
		<navigation-case>
			<from-action>#{tareas.editarTask}</from-action>
			<from-outcome>usuario</from-outcome>
			<to-view-id>/restricted/user/usuario.xhtml</to-view-id>
			<redirect/>
		</navigation-case>
	</navigation-rule>
	<navigation-rule>
		<from-view-id>*</from-view-id>
		<navigation-case>
			<from-action>#{usuarios.inboxTerminadas}</from-action>
			<from-outcome>inbox</from-outcome>
			<to-view-id>/restricted/user/lista-Inbox-Terminadas.xhtml</to-view-id>
			<redirect/>
		</navigation-case>
		<navigation-case>
			<from-action>#{usuarios.inboxNoTerminadas}</from-action>
			<from-outcome>inbox</from-outcome>
			<to-view-id>/restricted/user/lista-Inbox-No-Terminadas.xhtml</to-view-id>
			<redirect/>
		</navigation-case>
		<navigation-case>
			<from-action>#{usuarios.hoy}</from-action>
			<from-outcome>hoy</from-outcome>
			<to-view-id>/restricted/user/lista-Hoy.xhtml</to-view-id>
			<redirect/>
		</navigation-case>
		<navigation-case>
			<from-action>#{usuarios.semana}</from-action>
			<from-outcome>semana</from-outcome>
			<to-view-id>/restricted/user/lista-Semana.xhtml</to-view-id>
			<redirect/>
		</navigation-case>
	</navigation-rule>
	<navigation-rule>
		<from-view-id>*</from-view-id>
		<navigation-case>
			<from-action>#{usuarios.cerrarSesion}</from-action>
			<from-outcome>exito</from-outcome>
			<to-view-id>/index.xhtml</to-view-id>
			<redirect/>
		</navigation-case>
	</navigation-rule>
	<navigation-rule>
		<from-view-id>/restricted/user/crearTarea.xhtml</from-view-id>
		<navigation-case>
			<from-action>#{tareas.crearTask}</from-action>
			<from-outcome>listaInbox</from-outcome>
			<to-view-id>/restricted/user/lista-Inbox-Terminadas.xhtml</to-view-id>
			<redirect/>
		</navigation-case>
		<navigation-case>
			<from-action>#{tareas.crearTask}</from-action>
			<from-outcome>listaHoy</from-outcome>
			<to-view-id>/restricted/user/lista-Hoy.xhtml</to-view-id>
			<redirect/>
		</navigation-case>
		<navigation-case>
			<from-action>#{tareas.crearTask}</from-action>
			<from-outcome>listaSemana</from-outcome>
			<to-view-id>/restricted/user/lista-Semana.xhtml</to-view-id>
			<redirect/>
		</navigation-case>
		<navigation-case>
			<from-action>#{usuarios.volverUsuario}</from-action>
			<from-outcome>exito</from-outcome>
			<to-view-id>/restricted/user/usuario.xhtml</to-view-id>
			<redirect/>
		</navigation-case>
		<navigation-case>
			<from-action>#{tareas.crearTask}</from-action>
			<from-outcome>fracaso</from-outcome>
			<to-view-id>/index.xhtml</to-view-id>
			<redirect/>
		</navigation-case>
	</navigation-rule>
	<navigation-rule>
		<from-view-id>/registro.xhtml</from-view-id>
		<navigation-case>
			<from-action>#{usuarios.registraUsuario}</from-action>
			<from-outcome>exito</from-outcome>
			<to-view-id>/index.xhtml</to-view-id>
		</navigation-case>
		<navigation-case>
			<from-action>#{usuarios.registraUsuario}</from-action>
			<from-outcome>fracaso</from-outcome>
			<to-view-id>/registro.xhtml</to-view-id>
		</navigation-case>
	</navigation-rule>
</faces-config>
